GROUP,PACKAGE,CLASS,INSTRUCTION_MISSED,INSTRUCTION_COVERED,BRANCH_MISSED,BRANCH_COVERED,LINE_MISSED,LINE_COVERED,COMPLEXITY_MISSED,COMPLEXITY_COVERED,METHOD_MISSED,METHOD_COVERED
arithmetic,arithmetic,BinarySearchTree,2,148,2,18,0,39,2,16,0,8
arithmetic,arithmetic,ShortestPath,16,320,4,34,2,57,4,21,0,6
arithmetic,arithmetic,AVLTree,0,245,2,28,0,49,2,21,0,8
arithmetic,arithmetic,ShortestPath.ShortNode,0,12,0,0,0,4,0,2,0,2
arithmetic,arithmetic,AVLTree.Node,0,12,0,0,0,4,0,1,0,1
arithmetic,arithmetic,LoadingTheGraph,1,111,0,8,1,32,1,9,1,5
arithmetic,arithmetic,BinarySearchTree.Node,0,15,0,0,0,4,0,1,0,1
arithmetic,arithmetic,IsConnected,0,305,1,27,0,62,1,24,0,11
arithmetic,arithmetic,My2dDynamicArray,0,112,0,12,0,24,0,14,0,8
arithmetic,arithmetic,MinHeap,0,212,2,16,0,40,2,17,0,10
arithmetic,arithmetic,GraphNode,0,29,0,0,0,9,0,5,0,5
arithmetic,arithmetic,MnimumSpanningTree,0,287,1,21,0,61,1,18,0,8
